{
  "accuracy": 0.6341137123745819,
  "macro_f1": 0.6325760888373567,
  "per_class_f1": {
    "negative": 0.7227722772277227,
    "neutral": 0.49435897435897436,
    "positive": 0.6805970149253732
  },
  "per_class_precision": {
    "negative": 0.7142857142857143,
    "neutral": 0.470703125,
    "positive": 0.7245762711864406
  },
  "per_class_recall": {
    "negative": 0.7314629258517034,
    "neutral": 0.5205183585313174,
    "positive": 0.6416510318949343
  }
}