{
  "accuracy": 0.6026755852842809,
  "macro_f1": 0.6070979065083141,
  "per_class_f1": {
    "negative": 0.6869300911854104,
    "neutral": 0.4893419833178869,
    "positive": 0.645021645021645
  },
  "per_class_precision": {
    "negative": 0.694672131147541,
    "neutral": 0.42857142857142855,
    "positive": 0.7621483375959079
  },
  "per_class_recall": {
    "negative": 0.6793587174348698,
    "neutral": 0.5701943844492441,
    "positive": 0.5590994371482176
  }
}